Unnamed: 0,name,Gender,Height,Publisher,Alignment,Weight
0,A-Bomb,Male,203.0,Marvel Comics,good,441.0
1,Abe Sapien,Male,191.0,Dark Horse Comics,good,65.0
2,Abin Sur,Male,185.0,DC Comics,good,90.0
3,Abomination,Male,203.0,Marvel Comics,bad,441.0
4,Abraxas,Male,-99.0,Marvel Comics,bad,-99.0
5,Absorbing Man,Male,193.0,Marvel Comics,bad,122.0
6,Adam Monroe,Male,-99.0,NBC - Heroes,good,-99.0
7,Adam Strange,Male,185.0,DC Comics,good,88.0
8,Agent 13,Female,173.0,Marvel Comics,good,61.0
9,Agent Bob,Male,178.0,Marvel Comics,good,81.0
10,Agent Zero,Male,191.0,Marvel Comics,good,104.0
11,Air-Walker,Male,188.0,Marvel Comics,bad,108.0
12,Ajax,Male,193.0,Marvel Comics,bad,90.0
13,Alan Scott,Male,180.0,DC Comics,good,90.0
14,Alex Mercer,Male,-99.0,Wildstorm,bad,-99.0
15,Alex Woolsly,Male,-99.0,NBC - Heroes,good,-99.0
16,Alfred Pennyworth,Male,178.0,DC Comics,good,72.0
17,Alien,Male,244.0,Dark Horse Comics,bad,169.0
18,Allan Quatermain,Male,-99.0,Wildstorm,good,-99.0
19,Amazo,Male,257.0,DC Comics,bad,173.0
20,Ammo,Male,188.0,Marvel Comics,bad,101.0
21,Ando Masahashi,Male,-99.0,NBC - Heroes,good,-99.0
22,Angel,Male,183.0,Marvel Comics,good,68.0
23,Angel,Male,-99.0,Dark Horse Comics,good,-99.0
24,Angel Dust,Female,165.0,Marvel Comics,good,57.0
25,Angel Salvadore,Female,163.0,Marvel Comics,good,54.0
26,Angela,Female,-99.0,Image Comics,bad,-99.0
27,Animal Man,Male,183.0,DC Comics,good,83.0
28,Annihilus,Male,180.0,Marvel Comics,bad,90.0
29,Ant-Man,Male,211.0,Marvel Comics,good,122.0
30,Ant-Man II,Male,183.0,Marvel Comics,good,86.0
31,Anti-Monitor,Male,61.0,DC Comics,bad,-99.0
32,Anti-Spawn,Male,-99.0,Image Comics,bad,-99.0
33,Anti-Venom,Male,229.0,Marvel Comics,-,358.0
34,Apocalypse,Male,213.0,Marvel Comics,bad,135.0
35,Aquababy,Male,-99.0,DC Comics,good,-99.0
36,Aqualad,Male,178.0,DC Comics,good,106.0
37,Aquaman,Male,185.0,DC Comics,good,146.0
38,Arachne,Female,175.0,Marvel Comics,good,63.0
39,Archangel,Male,183.0,Marvel Comics,good,68.0
40,Arclight,Female,173.0,Marvel Comics,bad,57.0
41,Ardina,Female,193.0,Marvel Comics,good,98.0
42,Ares,Male,185.0,Marvel Comics,good,270.0
43,Ariel,Female,165.0,Marvel Comics,good,59.0
44,Armor,Female,163.0,Marvel Comics,good,50.0
45,Arsenal,Male,-99.0,DC Comics,good,-99.0
47,Atlas,Male,183.0,Marvel Comics,good,101.0
48,Atlas,Male,198.0,DC Comics,bad,126.0
49,Atom,Male,178.0,DC Comics,good,68.0
50,Atom,Male,-99.0,DC Comics,good,-99.0
51,Atom Girl,Female,168.0,DC Comics,good,54.0
52,Atom II,Male,183.0,DC Comics,good,81.0
53,Atom III,Male,-99.0,DC Comics,good,-99.0
54,Atom IV,Male,-99.0,DC Comics,good,72.0
55,Aurora,Female,180.0,Marvel Comics,good,63.0
56,Azazel,Male,183.0,Marvel Comics,bad,67.0
57,Azrael,Male,-99.0,DC Comics,good,-99.0
58,Aztar,Male,-99.0,DC Comics,good,-99.0
59,Bane,Male,203.0,DC Comics,bad,180.0
60,Banshee,Male,183.0,Marvel Comics,good,77.0
61,Bantam,Male,165.0,Marvel Comics,good,54.0
62,Batgirl,Female,-99.0,DC Comics,good,-99.0
63,Batgirl,Female,170.0,DC Comics,good,57.0
64,Batgirl III,Female,-99.0,DC Comics,good,-99.0
65,Batgirl IV,Female,165.0,DC Comics,good,52.0
66,Batgirl V,Female,-99.0,DC Comics,good,-99.0
67,Batgirl VI,Female,168.0,DC Comics,good,61.0
68,Batman,Male,188.0,DC Comics,good,95.0
69,Batman,Male,178.0,DC Comics,good,77.0
70,Batman II,Male,178.0,DC Comics,good,79.0
71,Battlestar,Male,198.0,Marvel Comics,good,133.0
72,Batwoman V,Female,178.0,DC Comics,good,-99.0
73,Beak,Male,175.0,Marvel Comics,good,63.0
74,Beast,Male,180.0,Marvel Comics,good,181.0
75,Beast Boy,Male,173.0,DC Comics,good,68.0
76,Beetle,Male,-99.0,Marvel Comics,bad,-99.0
77,Ben 10,Male,-99.0,DC Comics,good,-99.0
78,Beta Ray Bill,Male,201.0,Marvel Comics,good,216.0
79,Beyonder,Male,-99.0,Marvel Comics,good,-99.0
80,Big Barda,Female,188.0,DC Comics,bad,135.0
81,Big Daddy,Male,-99.0,Icon Comics,good,-99.0
82,Big Man,Male,165.0,Marvel Comics,bad,71.0
83,Bill Harken,Male,-99.0,SyFy,good,-99.0
84,Billy Kincaid,Male,-99.0,Image Comics,bad,-99.0
85,Binary,Female,180.0,Marvel Comics,good,54.0
87,Bird-Brain,-,-99.0,Marvel Comics,good,-99.0
88,Bird-Man,Male,-99.0,Marvel Comics,bad,-99.0
89,Bird-Man II,Male,-99.0,Marvel Comics,bad,-99.0
90,Birdman,Male,-99.0,Hanna-Barbera,good,-99.0
91,Bishop,Male,198.0,Marvel Comics,good,124.0
92,Bizarro,Male,191.0,DC Comics,neutral,155.0
93,Black Abbott,Male,-99.0,Marvel Comics,bad,-99.0
94,Black Adam,Male,191.0,DC Comics,bad,113.0
95,Black Bolt,Male,188.0,Marvel Comics,good,95.0
96,Black Canary,Female,165.0,DC Comics,good,58.0
97,Black Canary,Female,170.0,DC Comics,good,59.0
98,Black Cat,Female,178.0,Marvel Comics,good,54.0
99,Black Flash,Male,-99.0,DC Comics,neutral,-99.0
100,Black Goliath,Male,-99.0,Marvel Comics,good,-99.0
101,Black Knight III,Male,183.0,Marvel Comics,good,86.0
102,Black Lightning,Male,185.0,DC Comics,good,90.0
103,Black Mamba,Female,170.0,Marvel Comics,bad,52.0
104,Black Manta,Male,188.0,DC Comics,bad,92.0
105,Black Panther,Male,183.0,Marvel Comics,good,90.0
106,Black Widow,Female,170.0,Marvel Comics,good,59.0
107,Black Widow II,Female,170.0,Marvel Comics,good,61.0
108,Blackout,Male,191.0,Marvel Comics,bad,104.0
109,Blackwing,Male,185.0,Marvel Comics,bad,86.0
110,Blackwulf,Male,188.0,Marvel Comics,-,88.0
111,Blade,Male,188.0,Marvel Comics,good,97.0
112,Blaquesmith,-,-99.0,Marvel Comics,good,-99.0
113,Bling!,Female,168.0,Marvel Comics,good,68.0
114,Blink,Female,165.0,Marvel Comics,good,56.0
115,Blizzard,Male,-99.0,Marvel Comics,bad,-99.0
116,Blizzard,Male,-99.0,Marvel Comics,bad,-99.0
117,Blizzard II,Male,175.0,Marvel Comics,bad,77.0
118,Blob,Male,178.0,Marvel Comics,bad,230.0
119,Bloodaxe,Female,218.0,Marvel Comics,bad,495.0
120,Bloodhawk,Male,-99.0,Marvel Comics,good,-99.0
121,Bloodwraith,Male,30.5,Marvel Comics,bad,-99.0
122,Blue Beetle,Male,-99.0,DC Comics,good,-99.0
123,Blue Beetle,Male,-99.0,DC Comics,good,-99.0
124,Blue Beetle II,Male,183.0,DC Comics,good,86.0
125,Blue Beetle III,Male,-99.0,DC Comics,good,-99.0
126,Boba Fett,Male,183.0,George Lucas,bad,-99.0
127,Bolt,Male,-99.0,Marvel Comics,good,-99.0
128,Bomb Queen,Female,-99.0,Image Comics,bad,-99.0
129,Boom-Boom,Female,165.0,Marvel Comics,good,55.0
130,Boomer,Female,-99.0,Marvel Comics,good,-99.0
131,Booster Gold,Male,196.0,DC Comics,good,97.0
132,Box,Male,-99.0,Marvel Comics,good,-99.0
133,Box III,-,193.0,Marvel Comics,good,110.0
134,Box IV,-,-99.0,Marvel Comics,good,-99.0
135,Brainiac,Male,198.0,DC Comics,bad,135.0
136,Brainiac 5,Male,170.0,DC Comics,good,61.0
137,Brother Voodoo,Male,183.0,Marvel Comics,good,99.0
139,Buffy,Female,157.0,Dark Horse Comics,good,52.0
140,Bullseye,Male,183.0,Marvel Comics,bad,90.0
141,Bumblebee,Female,170.0,DC Comics,good,59.0
142,Bumbleboy,Male,-99.0,Marvel Comics,good,-99.0
143,Bushido,Male,-99.0,DC Comics,good,-99.0
144,Cable,Male,203.0,Marvel Comics,good,158.0
145,Callisto,Female,175.0,Marvel Comics,bad,74.0
146,Cameron Hicks,Male,-99.0,SyFy,good,-99.0
147,Cannonball,Male,183.0,Marvel Comics,good,81.0
148,Captain America,Male,188.0,Marvel Comics,good,108.0
149,Captain Atom,Male,193.0,DC Comics,good,90.0
150,Captain Britain,Male,198.0,Marvel Comics,good,116.0
151,Captain Cold,Male,-99.0,DC Comics,neutral,-99.0
152,Captain Epic,Male,188.0,Team Epic TV,good,-99.0
153,Captain Hindsight,Male,-99.0,South Park,good,-99.0
154,Captain Mar-vell,Male,188.0,Marvel Comics,good,108.0
155,Captain Marvel,Female,180.0,Marvel Comics,good,74.0
156,Captain Marvel,Male,193.0,DC Comics,good,101.0
157,Captain Marvel II,Male,175.0,DC Comics,good,74.0
158,Captain Midnight,Male,-99.0,Dark Horse Comics,good,-99.0
159,Captain Planet,Male,-99.0,Marvel Comics,good,-99.0
160,Captain Universe,-,-99.0,Marvel Comics,good,-99.0
161,Carnage,Male,185.0,Marvel Comics,bad,86.0
162,Cat,Female,173.0,Marvel Comics,good,61.0
163,Cat II,Female,-99.0,Marvel Comics,good,-99.0
164,Catwoman,Female,175.0,DC Comics,good,61.0
165,Cecilia Reyes,-,170.0,Marvel Comics,good,62.0
166,Century,Male,201.0,Marvel Comics,good,97.0
167,Cerebra,Female,-99.0,Marvel Comics,good,-99.0
168,Chamber,Male,175.0,Marvel Comics,good,63.0
169,Chameleon,Male,-99.0,DC Comics,bad,-99.0
170,Changeling,Male,180.0,Marvel Comics,bad,81.0
171,Cheetah,Female,163.0,DC Comics,bad,50.0
172,Cheetah II,Female,170.0,DC Comics,bad,55.0
173,Cheetah III,Female,175.0,DC Comics,bad,54.0
174,Chromos,Male,185.0,Team Epic TV,bad,86.0
176,Citizen Steel,Male,183.0,DC Comics,good,170.0
177,Claire Bennet,Female,-99.0,NBC - Heroes,good,-99.0
178,Clea,-,-99.0,Marvel Comics,good,-99.0
179,Cloak,Male,226.0,Marvel Comics,good,70.0
180,Clock King,Male,178.0,DC Comics,bad,78.0
181,Cogliostro,Male,-99.0,Image Comics,bad,-99.0
182,Colin Wagner,Male,-99.0,HarperCollins,good,-99.0
183,Colossal Boy,Male,-99.0,DC Comics,good,-99.0
184,Colossus,Male,226.0,Marvel Comics,good,225.0
185,Copycat,Female,183.0,Marvel Comics,neutral,67.0
186,Corsair,Male,191.0,Marvel Comics,good,79.0
187,Cottonmouth,Male,183.0,Marvel Comics,bad,99.0
188,Crimson Crusader,Male,-99.0,Marvel Comics,good,-99.0
189,Crimson Dynamo,Male,180.0,Marvel Comics,good,104.0
190,Crystal,Female,168.0,Marvel Comics,good,50.0
191,Curse,Male,-99.0,Image Comics,bad,-99.0
192,Cy-Gor,Male,-99.0,Image Comics,bad,-99.0
193,Cyborg,Male,198.0,DC Comics,good,173.0
194,Cyborg Superman,Male,-99.0,DC Comics,bad,-99.0
195,Cyclops,Male,191.0,Marvel Comics,good,88.0
196,Cypher,-,175.0,Marvel Comics,good,68.0
197,Dagger,Female,165.0,Marvel Comics,good,52.0
198,Danny Cooper,Male,-99.0,HarperCollins,good,-99.0
199,Daphne Powell,Female,-99.0,ABC Studios,good,-99.0
200,Daredevil,Male,183.0,Marvel Comics,good,90.0
201,Darkhawk,Male,185.0,Marvel Comics,good,81.0
202,Darkman,Male,-99.0,Universal Studios,good,-99.0
203,Darkseid,Male,267.0,DC Comics,bad,817.0
205,Darkstar,Female,168.0,Marvel Comics,good,56.0
206,Darth Maul,Male,170.0,George Lucas,bad,-99.0
207,Darth Vader,Male,198.0,George Lucas,bad,135.0
208,Dash,Male,122.0,Dark Horse Comics,good,27.0
209,Data,Male,-99.0,Star Trek,good,-99.0
210,Dazzler,Female,173.0,Marvel Comics,good,52.0
211,Deadman,Male,183.0,DC Comics,good,90.0
212,Deadpool,Male,188.0,Marvel Comics,neutral,95.0
213,Deadshot,Male,185.0,DC Comics,bad,91.0
214,Deathlok,Male,193.0,Marvel Comics,good,178.0
215,Deathstroke,Male,193.0,DC Comics,neutral,101.0
216,Demogoblin,Male,185.0,Marvel Comics,bad,95.0
217,Destroyer,Male,188.0,Marvel Comics,bad,383.0
218,Diamondback,Male,193.0,Marvel Comics,bad,90.0
219,DL Hawkins,Male,-99.0,NBC - Heroes,good,-99.0
220,Doc Samson,Male,198.0,Marvel Comics,good,171.0
221,Doctor Doom,Male,201.0,Marvel Comics,bad,187.0
222,Doctor Doom II,Male,201.0,Marvel Comics,bad,132.0
223,Doctor Fate,Male,188.0,DC Comics,good,89.0
224,Doctor Octopus,Male,175.0,Marvel Comics,bad,110.0
225,Doctor Strange,Male,188.0,Marvel Comics,good,81.0
226,Domino,Female,173.0,Marvel Comics,good,54.0
227,Donatello,Male,-99.0,IDW Publishing,good,-99.0
228,Donna Troy,Female,175.0,DC Comics,good,63.0
229,Doomsday,Male,244.0,DC Comics,bad,412.0
230,Doppelganger,Male,196.0,Marvel Comics,bad,104.0
231,Dormammu,Male,185.0,Marvel Comics,bad,-99.0
232,Dr Manhattan,Male,-99.0,DC Comics,good,-99.0
233,Drax the Destroyer,Male,193.0,Marvel Comics,good,306.0
234,Ego,-,-99.0,Marvel Comics,bad,-99.0
235,Elastigirl,Female,168.0,Dark Horse Comics,good,56.0
236,Electro,Male,180.0,Marvel Comics,bad,74.0
237,Elektra,Female,175.0,Marvel Comics,good,59.0
238,Elle Bishop,Female,-99.0,NBC - Heroes,bad,-99.0
239,Elongated Man,Male,185.0,DC Comics,good,80.0
240,Emma Frost,Female,178.0,Marvel Comics,good,65.0
241,Enchantress,Female,168.0,DC Comics,good,57.0
242,Energy,Female,-99.0,HarperCollins,good,-99.0
243,ERG-1,Male,-99.0,DC Comics,good,-99.0
245,Etrigan,Male,193.0,DC Comics,neutral,203.0
246,Evil Deadpool,Male,188.0,Marvel Comics,bad,95.0
247,Evilhawk,Male,191.0,Marvel Comics,bad,106.0
248,Exodus,Male,183.0,Marvel Comics,bad,88.0
249,Fabian Cortez,-,196.0,Marvel Comics,bad,96.0
250,Falcon,Male,188.0,Marvel Comics,good,108.0
251,Fallen One II,Male,-99.0,Marvel Comics,bad,-99.0
252,Faora,Female,-99.0,DC Comics,bad,-99.0
253,Feral,-,175.0,Marvel Comics,good,50.0
254,Fighting Spirit,Female,-99.0,DC Comics,good,-99.0
255,Fin Fang Foom,Male,975.0,Marvel Comics,good,18.0
256,Firebird,Female,165.0,Marvel Comics,good,56.0
257,Firelord,-,193.0,Marvel Comics,good,99.0
258,Firestar,Female,173.0,Marvel Comics,good,56.0
259,Firestorm,Male,-99.0,DC Comics,good,-99.0
260,Firestorm,Male,188.0,DC Comics,good,91.0
261,Fixer,-,-99.0,Marvel Comics,bad,-99.0
262,Flash,Male,180.0,DC Comics,good,81.0
264,Flash II,Male,183.0,DC Comics,good,88.0
265,Flash III,Male,183.0,DC Comics,good,86.0
266,Flash IV,Male,157.0,DC Comics,good,52.0
267,Forge,-,183.0,Marvel Comics,good,81.0
268,Franklin Richards,Male,142.0,Marvel Comics,good,45.0
269,Franklin Storm,-,188.0,Marvel Comics,good,92.0
270,Frenzy,Female,211.0,Marvel Comics,bad,104.0
271,Frigga,Female,180.0,Marvel Comics,good,167.0
272,Galactus,Male,876.0,Marvel Comics,neutral,16.0
273,Gambit,Male,185.0,Marvel Comics,good,81.0
274,Gamora,Female,183.0,Marvel Comics,good,77.0
275,Garbage Man,Male,-99.0,DC Comics,good,-99.0
276,Gary Bell,Male,-99.0,SyFy,good,-99.0
277,General Zod,Male,-99.0,DC Comics,bad,-99.0
278,Genesis,Male,185.0,Marvel Comics,good,86.0
279,Ghost Rider,Male,188.0,Marvel Comics,good,99.0
280,Ghost Rider II,-,-99.0,Marvel Comics,good,-99.0
281,Giant-Man,Male,-99.0,Marvel Comics,good,-99.0
282,Giant-Man II,Male,-99.0,Marvel Comics,good,-99.0
283,Giganta,Female,62.5,DC Comics,bad,630.0
284,Gladiator,Male,198.0,Marvel Comics,neutral,268.0
285,Goblin Queen,Female,168.0,Marvel Comics,bad,50.0
287,Gog,Male,-99.0,DC Comics,bad,-99.0
288,Goku,Male,175.0,Shueisha,good,62.0
289,Goliath,Male,-99.0,Marvel Comics,good,-99.0
290,Goliath,Male,-99.0,Marvel Comics,good,-99.0
291,Goliath,Male,-99.0,Marvel Comics,good,-99.0
292,Goliath IV,Male,183.0,Marvel Comics,good,90.0
293,Gorilla Grodd,Male,198.0,DC Comics,bad,270.0
294,Granny Goodness,Female,178.0,DC Comics,bad,115.0
295,Gravity,Male,178.0,Marvel Comics,good,79.0
296,Greedo,Male,170.0,George Lucas,bad,-99.0
297,Green Arrow,Male,188.0,DC Comics,good,88.0
298,Green Goblin,Male,180.0,Marvel Comics,bad,83.0
299,Green Goblin II,Male,178.0,Marvel Comics,bad,77.0
300,Green Goblin III,Male,183.0,Marvel Comics,good,88.0
301,Green Goblin IV,Male,178.0,Marvel Comics,good,79.0
302,Groot,Male,701.0,Marvel Comics,good,4.0
303,Guardian,Male,-99.0,Marvel Comics,good,-99.0
304,Guy Gardner,Male,188.0,DC Comics,good,95.0
305,Hal Jordan,Male,188.0,DC Comics,good,90.0
306,Han Solo,Male,183.0,George Lucas,good,79.0
307,Hancock,Male,188.0,Sony Pictures,good,-99.0
308,Harley Quinn,Female,170.0,DC Comics,bad,63.0
309,Harry Potter,Male,-99.0,J. K. Rowling,good,-99.0
310,Havok,Male,183.0,Marvel Comics,good,79.0
311,Hawk,Male,185.0,DC Comics,good,89.0
312,Hawkeye,Male,191.0,Marvel Comics,good,104.0
313,Hawkeye II,Female,165.0,Marvel Comics,good,57.0
314,Hawkgirl,Female,175.0,DC Comics,good,61.0
315,Hawkman,Male,185.0,DC Comics,good,88.0
316,Hawkwoman,Female,175.0,DC Comics,good,54.0
317,Hawkwoman II,Female,-99.0,DC Comics,good,-99.0
318,Hawkwoman III,Female,170.0,DC Comics,good,65.0
319,Heat Wave,Male,180.0,DC Comics,bad,81.0
320,Hela,Female,213.0,Marvel Comics,bad,225.0
321,Hellboy,Male,259.0,Dark Horse Comics,good,158.0
322,Hellcat,Female,173.0,Marvel Comics,good,61.0
323,Hellstorm,Male,185.0,Marvel Comics,good,81.0
324,Hercules,Male,196.0,Marvel Comics,good,146.0
325,Hiro Nakamura,Male,-99.0,NBC - Heroes,good,-99.0
326,Hit-Girl,Female,-99.0,Icon Comics,good,-99.0
327,Hobgoblin,Male,180.0,Marvel Comics,bad,83.0
328,Hollow,Female,170.0,Marvel Comics,good,-99.0
329,Hope Summers,Female,168.0,Marvel Comics,good,48.0
330,Howard the Duck,Male,79.0,Marvel Comics,good,18.0
331,Hulk,Male,244.0,Marvel Comics,good,630.0
332,Human Torch,Male,178.0,Marvel Comics,good,77.0
333,Huntress,Female,180.0,DC Comics,good,59.0
334,Husk,Female,170.0,Marvel Comics,good,58.0
335,Hybrid,Male,175.0,Marvel Comics,good,77.0
336,Hydro-Man,Male,188.0,Marvel Comics,bad,119.0
337,Hyperion,Male,183.0,Marvel Comics,good,207.0
338,Iceman,Male,173.0,Marvel Comics,good,65.0
339,Impulse,Male,170.0,DC Comics,good,65.0
340,Indiana Jones,Male,183.0,George Lucas,good,79.0
341,Indigo,Female,-99.0,DC Comics,neutral,-99.0
342,Ink,Male,180.0,Marvel Comics,good,81.0
343,Invisible Woman,Female,168.0,Marvel Comics,good,54.0
344,Iron Fist,Male,180.0,Marvel Comics,good,79.0
345,Iron Man,Male,198.0,Marvel Comics,good,191.0
346,Iron Monger,Male,-99.0,Marvel Comics,bad,2.0
347,Isis,Female,-99.0,DC Comics,good,-99.0
349,Jack of Hearts,Male,155.0,Marvel Comics,good,79.0
350,Jack-Jack,Male,71.0,Dark Horse Comics,good,14.0
351,James Bond,Male,183.0,Titan Books,good,-99.0
352,James T. Kirk,Male,178.0,Star Trek,good,77.0
353,Jar Jar Binks,Male,193.0,George Lucas,good,-99.0
355,Jean Grey,Female,168.0,Marvel Comics,good,52.0
356,Jean-Luc Picard,Male,-99.0,Star Trek,good,-99.0
357,Jennifer Kale,Female,168.0,Marvel Comics,good,55.0
358,Jesse Quick,Female,-99.0,DC Comics,good,-99.0
359,Jessica Cruz,Female,-99.0,DC Comics,good,-99.0
360,Jessica Jones,Female,170.0,Marvel Comics,good,56.0
361,Jessica Sanders,Female,-99.0,NBC - Heroes,good,-99.0
362,Jigsaw,Male,188.0,Marvel Comics,bad,113.0
363,Jim Powell,Male,-99.0,ABC Studios,good,-99.0
364,JJ Powell,Male,-99.0,ABC Studios,good,-99.0
365,Johann Krauss,Male,-99.0,Dark Horse Comics,good,-99.0
366,John Constantine,Male,183.0,DC Comics,good,-99.0
367,John Stewart,Male,185.0,DC Comics,good,90.0
368,John Wraith,Male,183.0,Marvel Comics,good,88.0
369,Joker,Male,196.0,DC Comics,bad,86.0
370,Jolt,Female,165.0,Marvel Comics,good,49.0
371,Jubilee,Female,165.0,Marvel Comics,good,52.0
372,Judge Dredd,Male,188.0,Rebellion,good,-99.0
373,Juggernaut,Male,287.0,Marvel Comics,neutral,855.0
374,Junkpile,Male,-99.0,Marvel Comics,bad,-99.0
375,Justice,Male,178.0,Marvel Comics,good,81.0
376,Jyn Erso,Female,-99.0,George Lucas,good,-99.0
377,K-2SO,Male,213.0,George Lucas,good,-99.0
378,Kang,Male,191.0,Marvel Comics,bad,104.0
379,Karate Kid,Male,173.0,DC Comics,good,72.0
380,Kathryn Janeway,Female,-99.0,Star Trek,good,-99.0
382,Kevin 11,Male,-99.0,DC Comics,good,-99.0
383,Kick-Ass,Male,-99.0,Icon Comics,good,-99.0
384,Kid Flash,Male,-99.0,DC Comics,good,-99.0
385,Kid Flash II,Male,-99.0,DC Comics,good,-99.0
386,Killer Croc,Male,244.0,DC Comics,bad,356.0
387,Killer Frost,Female,-99.0,DC Comics,bad,-99.0
388,Kilowog,Male,234.0,DC Comics,good,324.0
390,King Shark,Male,-99.0,DC Comics,bad,-99.0
391,Kingpin,Male,201.0,Marvel Comics,bad,203.0
392,Klaw,Male,188.0,Marvel Comics,bad,97.0
394,Kraven II,Male,191.0,Marvel Comics,bad,99.0
395,Kraven the Hunter,Male,183.0,Marvel Comics,bad,106.0
396,Krypto,Male,64.0,DC Comics,good,18.0
397,Kyle Rayner,Male,180.0,DC Comics,good,79.0
398,Kylo Ren,Male,-99.0,George Lucas,bad,-99.0
399,Lady Bullseye,Female,-99.0,Marvel Comics,bad,-99.0
400,Lady Deathstrike,Female,175.0,Marvel Comics,bad,58.0
401,Leader,Male,178.0,Marvel Comics,bad,63.0
402,Leech,Male,-99.0,Marvel Comics,good,-99.0
403,Legion,Male,175.0,Marvel Comics,good,59.0
404,Leonardo,Male,-99.0,IDW Publishing,good,-99.0
405,Lex Luthor,Male,188.0,DC Comics,bad,95.0
406,Light Lass,Female,165.0,DC Comics,good,54.0
407,Lightning Lad,Male,155.0,DC Comics,good,65.0
408,Lightning Lord,Male,191.0,DC Comics,bad,95.0
409,Living Brain,-,198.0,Marvel Comics,bad,360.0
410,Living Tribunal,-,-99.0,Marvel Comics,neutral,-99.0
411,Liz Sherman,Female,-99.0,Dark Horse Comics,good,-99.0
412,Lizard,Male,203.0,Marvel Comics,bad,230.0
413,Lobo,Male,229.0,DC Comics,neutral,288.0
414,Loki,Male,193.0,Marvel Comics,bad,236.0
415,Longshot,Male,188.0,Marvel Comics,good,36.0
416,Luke Cage,Male,198.0,Marvel Comics,good,191.0
417,Luke Campbell,Male,-99.0,NBC - Heroes,bad,-99.0
418,Luke Skywalker,Male,168.0,George Lucas,good,77.0
419,Luna,Female,-99.0,Marvel Comics,good,-99.0
420,Lyja,Female,-99.0,Marvel Comics,good,-99.0
421,Mach-IV,Male,180.0,Marvel Comics,bad,79.0
422,Machine Man,-,183.0,Marvel Comics,good,383.0
423,Magneto,Male,188.0,Marvel Comics,bad,86.0
424,Magog,Male,-99.0,DC Comics,good,-99.0
425,Magus,Male,183.0,Marvel Comics,bad,-99.0
426,Man of Miracles,-,-99.0,Image Comics,-,-99.0
427,Man-Bat,Male,-99.0,DC Comics,neutral,-99.0
428,Man-Thing,Male,213.0,Marvel Comics,good,225.0
429,Man-Wolf,Male,188.0,Marvel Comics,good,90.0
430,Mandarin,Male,188.0,Marvel Comics,bad,97.0
431,Mantis,Female,168.0,Marvel Comics,good,52.0
432,Martian Manhunter,Male,201.0,DC Comics,good,135.0
433,Marvel Girl,Female,170.0,Marvel Comics,good,56.0
434,Master Brood,Male,183.0,Team Epic TV,good,81.0
435,Master Chief,Male,213.0,Microsoft,good,-99.0
436,Match,Male,-99.0,DC Comics,bad,-99.0
437,Matt Parkman,Male,-99.0,NBC - Heroes,good,-99.0
438,Maverick,Male,193.0,Marvel Comics,good,110.0
439,Maxima,Female,180.0,DC Comics,bad,72.0
440,Maya Herrera,Female,-99.0,NBC - Heroes,good,-99.0
441,Medusa,Female,180.0,Marvel Comics,good,59.0
442,Meltdown,Female,165.0,Marvel Comics,good,54.0
443,Mephisto,Male,198.0,Marvel Comics,bad,140.0
444,Mera,Female,175.0,DC Comics,good,72.0
445,Metallo,Male,196.0,DC Comics,bad,90.0
446,Metamorpho,Male,185.0,DC Comics,good,90.0
447,Meteorite,Female,-99.0,Marvel Comics,good,-99.0
448,Metron,Male,185.0,DC Comics,good,86.0
449,Micah Sanders,Male,-99.0,NBC - Heroes,good,-99.0
450,Michelangelo,Male,-99.0,IDW Publishing,good,-99.0
451,Micro Lad,Male,183.0,DC Comics,good,77.0
452,Mimic,Male,188.0,Marvel Comics,good,101.0
453,Minna Murray,Female,-99.0,Wildstorm,good,-99.0
454,Misfit,Female,-99.0,DC Comics,good,-99.0
455,Miss Martian,Female,178.0,DC Comics,good,61.0
456,Mister Fantastic,Male,185.0,Marvel Comics,good,81.0
457,Mister Freeze,Male,183.0,DC Comics,bad,86.0
458,Mister Knife,Male,-99.0,Marvel Comics,bad,-99.0
459,Mister Mxyzptlk,Male,-99.0,DC Comics,bad,-99.0
460,Mister Sinister,Male,196.0,Marvel Comics,bad,128.0
461,Mister Zsasz,Male,-99.0,DC Comics,bad,-99.0
462,Mockingbird,Female,175.0,Marvel Comics,good,61.0
463,MODOK,Male,366.0,Marvel Comics,bad,338.0
464,Mogo,Male,-99.0,DC Comics,good,-99.0
465,Mohinder Suresh,Male,-99.0,NBC - Heroes,good,-99.0
466,Moloch,Male,-99.0,DC Comics,bad,-99.0
467,Molten Man,Male,196.0,Marvel Comics,bad,248.0
468,Monarch,Male,193.0,DC Comics,good,90.0
469,Monica Dawson,Female,-99.0,NBC - Heroes,good,-99.0
470,Moon Knight,Male,188.0,Marvel Comics,good,101.0
471,Moonstone,Female,180.0,Marvel Comics,bad,59.0
472,Morlun,Male,188.0,Marvel Comics,bad,79.0
473,Morph,Male,178.0,Marvel Comics,good,79.0
474,Moses Magnum,Male,175.0,Marvel Comics,bad,72.0
475,Mr Immortal,Male,188.0,Marvel Comics,good,70.0
476,Mr Incredible,Male,201.0,Dark Horse Comics,good,158.0
477,Ms Marvel II,Female,173.0,Marvel Comics,good,61.0
478,Multiple Man,Male,180.0,Marvel Comics,good,70.0
479,Mysterio,Male,180.0,Marvel Comics,bad,79.0
480,Mystique,Female,178.0,Marvel Comics,bad,54.0
481,Namor,Male,-99.0,Marvel Comics,good,-99.0
482,Namor,Male,188.0,Marvel Comics,good,125.0
483,Namora,Female,180.0,Marvel Comics,good,85.0
484,Namorita,Female,168.0,Marvel Comics,good,101.0
485,Naruto Uzumaki,Male,168.0,Shueisha,good,54.0
486,Nathan Petrelli,Male,-99.0,NBC - Heroes,good,-99.0
487,Nebula,Female,185.0,Marvel Comics,bad,83.0
488,Negasonic Teenage Warhead,Female,-99.0,Marvel Comics,good,-99.0
489,Nick Fury,Male,185.0,Marvel Comics,good,99.0
490,Nightcrawler,Male,175.0,Marvel Comics,good,88.0
491,Nightwing,Male,178.0,DC Comics,good,79.0
492,Niki Sanders,Female,-99.0,NBC - Heroes,good,-99.0
493,Nina Theroux,Female,-99.0,SyFy,good,-99.0
494,Nite Owl II,Male,-99.0,DC Comics,good,-99.0
495,Northstar,Male,180.0,Marvel Comics,good,83.0
496,Nova,Male,185.0,Marvel Comics,good,86.0
497,Nova,Female,163.0,Marvel Comics,good,59.0
498,Odin,Male,206.0,Marvel Comics,good,293.0
499,Offspring,Male,-99.0,DC Comics,good,-99.0
500,Omega Red,Male,211.0,Marvel Comics,bad,191.0
501,Omniscient,Male,180.0,Team Epic TV,good,65.0
502,One Punch Man,Male,175.0,Shueisha,good,69.0
503,One-Above-All,-,-99.0,Marvel Comics,neutral,-99.0
504,Onslaught,Male,305.0,Marvel Comics,bad,405.0
505,Oracle,Female,178.0,DC Comics,good,59.0
506,Osiris,Male,-99.0,DC Comics,good,-99.0
507,Overtkill,Male,-99.0,Image Comics,bad,-99.0
508,Ozymandias,Male,-99.0,DC Comics,bad,-99.0
509,Parademon,-,-99.0,DC Comics,bad,-99.0
510,Paul Blart,Male,170.0,Sony Pictures,good,117.0
511,Penance,-,-99.0,Marvel Comics,good,-99.0
512,Penance I,Female,-99.0,Marvel Comics,good,-99.0
513,Penance II,Male,183.0,Marvel Comics,good,89.0
514,Penguin,Male,157.0,DC Comics,bad,79.0
515,Peter Petrelli,Male,-99.0,NBC - Heroes,good,-99.0
516,Phantom,Male,-99.0,DC Comics,good,-99.0
517,Phantom Girl,Female,168.0,DC Comics,good,54.0
518,Phoenix,Female,168.0,Marvel Comics,good,52.0
519,Plantman,Male,183.0,Marvel Comics,bad,87.0
520,Plastic Lad,Male,-99.0,DC Comics,good,-99.0
521,Plastic Man,Male,185.0,DC Comics,good,80.0
522,Plastique,Female,168.0,DC Comics,bad,55.0
523,Poison Ivy,Female,168.0,DC Comics,bad,50.0
524,Polaris,Female,170.0,Marvel Comics,good,52.0
525,Power Girl,Female,180.0,DC Comics,good,81.0
526,Power Man,Male,-99.0,Marvel Comics,good,-99.0
527,Predator,Male,213.0,Dark Horse Comics,bad,234.0
528,Professor X,Male,183.0,Marvel Comics,good,86.0
529,Professor Zoom,Male,180.0,DC Comics,bad,81.0
530,Proto-Goblin,Male,-99.0,Marvel Comics,bad,-99.0
531,Psylocke,Female,180.0,Marvel Comics,good,70.0
532,Punisher,Male,183.0,Marvel Comics,good,90.0
533,Purple Man,Male,180.0,Marvel Comics,bad,74.0
534,Pyro,Male,178.0,Marvel Comics,bad,68.0
535,Q,Male,-99.0,Star Trek,-,-99.0
536,Quantum,Male,-99.0,HarperCollins,good,-99.0
537,Question,Male,188.0,DC Comics,good,83.0
538,Quicksilver,Male,183.0,Marvel Comics,good,79.0
539,Quill,Male,163.0,Marvel Comics,good,56.0
540,Ra's Al Ghul,Male,193.0,DC Comics,bad,97.0
541,Rachel Pirzad,Female,-99.0,SyFy,good,-99.0
543,Raphael,Male,-99.0,IDW Publishing,good,-99.0
544,Raven,Female,165.0,DC Comics,neutral,50.0
545,Ray,Male,178.0,DC Comics,good,70.0
546,Razor-Fist II,Male,191.0,Marvel Comics,bad,117.0
547,Red Arrow,Male,180.0,DC Comics,good,83.0
548,Red Hood,Male,183.0,DC Comics,neutral,81.0
549,Red Hulk,Male,213.0,Marvel Comics,neutral,630.0
550,Red Mist,Male,-99.0,Icon Comics,bad,-99.0
551,Red Robin,Male,165.0,DC Comics,good,56.0
552,Red Skull,Male,188.0,Marvel Comics,bad,108.0
553,Red Tornado,Male,185.0,DC Comics,good,146.0
554,Redeemer II,Male,-99.0,Image Comics,bad,-99.0
555,Redeemer III,Male,-99.0,Image Comics,bad,-99.0
556,Renata Soliz,Female,-99.0,HarperCollins,good,-99.0
557,Rey,Female,297.0,George Lucas,good,-99.0
558,Rhino,Male,196.0,Marvel Comics,bad,320.0
559,Rick Flag,Male,185.0,DC Comics,bad,85.0
560,Riddler,Male,-99.0,DC Comics,bad,-99.0
561,Rip Hunter,Male,-99.0,DC Comics,good,-99.0
562,Ripcord,Female,180.0,Marvel Comics,good,72.0
563,Robin,Male,178.0,DC Comics,good,79.0
564,Robin II,Male,183.0,DC Comics,good,101.0
565,Robin III,Male,165.0,DC Comics,good,56.0
566,Robin V,Male,137.0,DC Comics,good,38.0
567,Robin VI,Female,-99.0,DC Comics,neutral,-99.0
568,Rocket Raccoon,Male,122.0,Marvel Comics,good,25.0
569,Rogue,Female,173.0,Marvel Comics,good,54.0
570,Ronin,Male,191.0,Marvel Comics,good,104.0
571,Rorschach,Male,168.0,DC Comics,good,63.0
572,Sabretooth,Male,198.0,Marvel Comics,bad,171.0
573,Sage,Female,170.0,Marvel Comics,good,61.0
574,Sandman,Male,185.0,Marvel Comics,neutral,203.0
575,Sasquatch,Male,305.0,Marvel Comics,good,900.0
576,Sauron,Male,279.0,J. R. R. Tolkien,bad,-99.0
577,Savage Dragon,Male,-99.0,Image Comics,good,-99.0
578,Scarecrow,Male,183.0,DC Comics,bad,63.0
579,Scarlet Spider,Male,178.0,Marvel Comics,good,74.0
580,Scarlet Spider II,Male,193.0,Marvel Comics,good,113.0
581,Scarlet Witch,Female,170.0,Marvel Comics,bad,59.0
582,Scorpia,Female,-99.0,Marvel Comics,bad,-99.0
583,Scorpion,Male,211.0,Marvel Comics,bad,310.0
584,Sebastian Shaw,Male,-99.0,Marvel Comics,bad,-99.0
585,Sentry,Male,188.0,Marvel Comics,neutral,87.0
586,Shadow King,-,185.0,Marvel Comics,good,149.0
587,Shadow Lass,Female,173.0,DC Comics,good,54.0
588,Shadowcat,Female,168.0,Marvel Comics,good,50.0
589,Shang-Chi,Male,178.0,Marvel Comics,good,79.0
590,Shatterstar,Male,191.0,Marvel Comics,good,88.0
591,She-Hulk,Female,201.0,Marvel Comics,good,315.0
592,She-Thing,Female,183.0,Marvel Comics,good,153.0
593,Shocker,Male,175.0,Marvel Comics,bad,79.0
594,Shriek,Female,173.0,Marvel Comics,good,52.0
595,Shrinking Violet,Female,-99.0,DC Comics,good,-99.0
596,Sif,Female,188.0,Marvel Comics,good,191.0
597,Silk,Female,-99.0,Marvel Comics,good,-99.0
598,Silk Spectre,Female,-99.0,DC Comics,good,-99.0
599,Silk Spectre II,Female,-99.0,DC Comics,good,-99.0
600,Silver Surfer,Male,193.0,Marvel Comics,good,101.0
601,Silverclaw,Female,157.0,Marvel Comics,good,50.0
602,Simon Baz,Male,-99.0,DC Comics,good,-99.0
603,Sinestro,Male,201.0,DC Comics,neutral,92.0
604,Siren,Female,175.0,DC Comics,bad,72.0
605,Siren II,Female,-99.0,DC Comics,bad,-99.0
606,Siryn,Female,168.0,Marvel Comics,bad,52.0
607,Skaar,Male,198.0,Marvel Comics,good,180.0
608,Snake-Eyes,Male,-99.0,Marvel Comics,bad,-99.0
609,Snowbird,Female,178.0,Marvel Comics,good,49.0
610,Sobek,Male,-99.0,DC Comics,good,-99.0
611,Solomon Grundy,Male,279.0,DC Comics,bad,437.0
612,Songbird,Female,165.0,Marvel Comics,good,65.0
613,Space Ghost,Male,188.0,DC Comics,good,113.0
614,Spawn,Male,211.0,Image Comics,good,405.0
615,Spectre,Male,-99.0,DC Comics,good,-99.0
616,Speedball,Male,-99.0,Marvel Comics,good,-99.0
617,Speedy,Male,-99.0,DC Comics,good,-99.0
618,Speedy,Female,-99.0,DC Comics,good,-99.0
619,Spider-Carnage,Male,-99.0,Marvel Comics,bad,-99.0
620,Spider-Girl,Female,170.0,Marvel Comics,good,54.0
621,Spider-Gwen,Female,165.0,Marvel Comics,good,56.0
622,Spider-Man,Male,178.0,Marvel Comics,good,74.0
623,Spider-Man,-,178.0,Marvel Comics,good,77.0
624,Spider-Man,Male,157.0,Marvel Comics,good,56.0
625,Spider-Woman,Female,178.0,Marvel Comics,good,59.0
626,Spider-Woman II,Female,-99.0,Marvel Comics,good,-99.0
627,Spider-Woman III,Female,173.0,Marvel Comics,good,55.0
628,Spider-Woman IV,Female,178.0,Marvel Comics,bad,58.0
629,Spock,Male,185.0,Star Trek,good,81.0
630,Spyke,Male,183.0,Marvel Comics,good,83.0
631,Stacy X,Female,-99.0,Marvel Comics,good,-99.0
632,Star-Lord,Male,188.0,Marvel Comics,good,79.0
633,Stardust,Male,-99.0,Marvel Comics,good,-99.0
634,Starfire,Female,193.0,DC Comics,good,71.0
635,Stargirl,Female,165.0,DC Comics,good,62.0
636,Static,Male,170.0,DC Comics,good,63.0
637,Steel,Male,201.0,DC Comics,good,131.0
638,Stephanie Powell,Female,-99.0,ABC Studios,good,-99.0
639,Steppenwolf,Male,183.0,DC Comics,bad,91.0
640,Storm,Female,180.0,Marvel Comics,good,57.0
641,Stormtrooper,Male,183.0,George Lucas,bad,-99.0
642,Sunspot,Male,173.0,Marvel Comics,good,77.0
643,Superboy,Male,170.0,DC Comics,good,68.0
644,Superboy-Prime,Male,180.0,DC Comics,bad,77.0
645,Supergirl,Female,165.0,DC Comics,good,54.0
646,Superman,Male,191.0,DC Comics,good,101.0
647,Swamp Thing,Male,-99.0,DC Comics,bad,-99.0
648,Swarm,Male,196.0,Marvel Comics,bad,47.0
649,Sylar,Male,-99.0,NBC - Heroes,bad,-99.0
650,Synch,Male,180.0,Marvel Comics,good,74.0
651,T-1000,Male,183.0,Dark Horse Comics,bad,146.0
652,T-800,Male,-99.0,Dark Horse Comics,bad,176.0
653,T-850,Male,-99.0,Dark Horse Comics,bad,198.0
654,T-X,Female,-99.0,Dark Horse Comics,bad,149.0
655,Taskmaster,Male,188.0,Marvel Comics,bad,99.0
656,Tempest,Female,163.0,Marvel Comics,good,54.0
657,Thanos,Male,201.0,Marvel Comics,bad,443.0
659,The Comedian,Male,188.0,DC Comics,neutral,101.0
660,Thing,Male,183.0,Marvel Comics,good,225.0
661,Thor,Male,198.0,Marvel Comics,good,288.0
662,Thor Girl,Female,175.0,Marvel Comics,good,143.0
663,Thunderbird,Male,185.0,Marvel Comics,good,101.0
664,Thunderbird II,Male,-99.0,Marvel Comics,good,-99.0
665,Thunderbird III,Male,175.0,Marvel Comics,good,74.0
666,Thunderstrike,Male,198.0,Marvel Comics,good,288.0
667,Thundra,Female,218.0,Marvel Comics,good,158.0
668,Tiger Shark,Male,185.0,Marvel Comics,bad,203.0
669,Tigra,Female,178.0,Marvel Comics,good,81.0
670,Tinkerer,Male,163.0,Marvel Comics,bad,54.0
671,Titan,Male,-99.0,HarperCollins,good,-99.0
672,Toad,Male,175.0,Marvel Comics,neutral,76.0
673,Toxin,Male,188.0,Marvel Comics,good,97.0
674,Toxin,Male,191.0,Marvel Comics,good,117.0
675,Tracy Strauss,Female,-99.0,NBC - Heroes,good,-99.0
676,Trickster,Male,183.0,DC Comics,-,81.0
677,Trigon,Male,-99.0,DC Comics,bad,-99.0
678,Triplicate Girl,Female,168.0,DC Comics,good,59.0
679,Triton,Male,188.0,Marvel Comics,good,86.0
680,Two-Face,Male,183.0,DC Comics,bad,82.0
681,Ultragirl,Female,168.0,Marvel Comics,good,105.0
682,Ultron,Male,206.0,Marvel Comics,bad,331.0
683,Utgard-Loki,Male,15.2,Marvel Comics,bad,58.0
684,Vagabond,Female,168.0,Marvel Comics,good,54.0
685,Valerie Hart,Female,175.0,Team Epic TV,good,56.0
686,Valkyrie,Female,191.0,Marvel Comics,good,214.0
687,Vanisher,Male,165.0,Marvel Comics,bad,79.0
688,Vegeta,Male,168.0,Shueisha,bad,73.0
689,Venom,Male,191.0,Marvel Comics,bad,117.0
690,Venom II,Male,175.0,Marvel Comics,bad,50.0
691,Venom III,Male,229.0,Marvel Comics,bad,334.0
692,Venompool,Male,226.0,Marvel Comics,-,-99.0
693,Vertigo II,Female,168.0,Marvel Comics,good,52.0
694,Vibe,Male,178.0,DC Comics,good,71.0
695,Vindicator,Female,165.0,Marvel Comics,good,54.0
696,Vindicator,Male,-99.0,Marvel Comics,good,-99.0
697,Violator,Male,-99.0,Image Comics,bad,-99.0
698,Violet Parr,Female,137.0,Dark Horse Comics,good,41.0
699,Vision,Male,191.0,Marvel Comics,good,135.0
700,Vision II,-,191.0,Marvel Comics,good,135.0
701,Vixen,Female,175.0,DC Comics,good,63.0
702,Vulcan,Male,-99.0,Marvel Comics,good,-99.0
703,Vulture,Male,180.0,Marvel Comics,bad,79.0
704,Walrus,Male,183.0,Marvel Comics,bad,162.0
705,War Machine,Male,185.0,Marvel Comics,good,95.0
706,Warbird,Female,180.0,Marvel Comics,good,54.0
707,Warlock,Male,188.0,Marvel Comics,good,108.0
708,Warp,Male,173.0,DC Comics,bad,67.0
709,Warpath,Male,218.0,Marvel Comics,good,158.0
710,Wasp,Female,163.0,Marvel Comics,good,50.0
711,Watcher,Male,-99.0,Marvel Comics,good,-99.0
712,Weapon XI,Male,-99.0,Marvel Comics,bad,-99.0
713,White Canary,Female,-99.0,DC Comics,bad,-99.0
714,White Queen,Female,178.0,Marvel Comics,good,65.0
715,Wildfire,Male,-99.0,DC Comics,good,-99.0
716,Winter Soldier,Male,175.0,Marvel Comics,good,117.0
717,Wiz Kid,-,140.0,Marvel Comics,good,39.0
718,Wolfsbane,Female,366.0,Marvel Comics,good,473.0
719,Wolverine,Male,160.0,Marvel Comics,good,135.0
720,Wonder Girl,Female,165.0,DC Comics,good,51.0
721,Wonder Man,Male,188.0,Marvel Comics,good,171.0
722,Wonder Woman,Female,183.0,DC Comics,good,74.0
723,Wondra,Female,-99.0,Marvel Comics,good,-99.0
724,Wyatt Wingfoot,Male,196.0,Marvel Comics,good,117.0
725,X-23,Female,155.0,Marvel Comics,good,50.0
726,X-Man,Male,175.0,Marvel Comics,good,61.0
727,Yellow Claw,Male,188.0,Marvel Comics,bad,95.0
728,Yellowjacket,Male,183.0,Marvel Comics,good,83.0
729,Yellowjacket II,Female,165.0,Marvel Comics,good,52.0
730,Ymir,Male,304.8,Marvel Comics,good,-99.0
731,Yoda,Male,66.0,George Lucas,good,17.0
732,Zatanna,Female,170.0,DC Comics,good,57.0
733,Zoom,Male,185.0,DC Comics,bad,81.0
